team,title,department,location,job_type,url,source_url
Cincinnati Bengals,Graphic Design Seasonal Assistant,Cincinnati Bengals,Cincinnati · OH,Part Time,https://www.teamworkonline.com/football-jobs/footballjobs/cincinnati-bengals/graphic-design-seasonal-assistant-2169550,https://www.teamworkonline.com/football-jobs/footballjobs/cincinnati-bengals
Cincinnati Bengals,Seasonal Digital Asset Coordinator,Cincinnati Bengals,Cincinnati · OH,Part Time,https://www.teamworkonline.com/football-jobs/footballjobs/cincinnati-bengals/seasonal-digital-asset-coordinator-2167846,https://www.teamworkonline.com/football-jobs/footballjobs/cincinnati-bengals
Cincinnati Bengals,"Sales Director, Corporate Partnerships",Cincinnati Bengals,Cincinnati · OH,Director,https://www.teamworkonline.com/football-jobs/footballjobs/cincinnati-bengals/sales-director-corporate-partnerships-2161300,https://www.teamworkonline.com/football-jobs/footballjobs/cincinnati-bengals
Cincinnati Bengals,"Sr. Development Manager, Corporate Partnerships",Cincinnati Bengals,Cincinnati · OH,Director,https://www.teamworkonline.com/football-jobs/footballjobs/cincinnati-bengals/sr-development-manager-corporate-partnerships-2161015,https://www.teamworkonline.com/football-jobs/footballjobs/cincinnati-bengals
Houston Texans,Gameday - Ticket Resolution Ambassador,Houston Texans,TX,Part Time,https://www.teamworkonline.com/football-jobs/texans/houston-texans/gameday-ticket-resolution-ambassador-2171190,https://www.teamworkonline.com/football-jobs/texans/houston-texans
Houston Texans,Gameday - Game Presentation Ambassador,Houston Texans,TX,Part Time,https://www.teamworkonline.com/football-jobs/texans/houston-texans/gameday-game-presentation-ambassador-2170137,https://www.teamworkonline.com/football-jobs/texans/houston-texans
Houston Texans,Membership Services Manager,Houston Texans,Houston · TX,Manager,https://www.teamworkonline.com/football-jobs/texans/houston-texans/membership-services-manager-2169781,https://www.teamworkonline.com/football-jobs/texans/houston-texans
Houston Texans,Gameday - Ticketing Customer Service,Houston Texans,TX,Part Time,https://www.teamworkonline.com/football-jobs/texans/houston-texans/gameday-ticketing-customer-service-2168509,https://www.teamworkonline.com/football-jobs/texans/houston-texans
Houston Texans,Gameday – Gate Ambassador,Houston Texans,TX,Part Time,https://www.teamworkonline.com/football-jobs/texans/houston-texans/gameday-gate-ambassador-2168502,https://www.teamworkonline.com/football-jobs/texans/houston-texans
Houston Texans,Sports Turf and Grounds Specialist,Houston Texans,Houston · TX,Entry Level,https://www.teamworkonline.com/football-jobs/texans/houston-texans/sports-turf-and-grounds-specialist-2168214,https://www.teamworkonline.com/football-jobs/texans/houston-texans
Houston Texans,Gameday – Quality Assurance Representative,Houston Texans,TX,Part Time,https://www.teamworkonline.com/football-jobs/texans/houston-texans/gameday-quality-assurance-representative-2168069,https://www.teamworkonline.com/football-jobs/texans/houston-texans
Houston Texans,Gameday – 50/50 Jackpot Fundraising Representative,Houston Texans,TX,Part Time,https://www.teamworkonline.com/football-jobs/texans/houston-texans/gameday-50-50-jackpot-fundraising-representative-2168063,https://www.teamworkonline.com/football-jobs/texans/houston-texans
Houston Texans,Gameday - Premium Seating Concierge,Houston Texans,TX,Part Time,https://www.teamworkonline.com/football-jobs/texans/houston-texans/gameday-premium-seating-concierge-2167955,https://www.teamworkonline.com/football-jobs/texans/houston-texans
Houston Texans,Battle Red Representative,Houston Texans,Houston · TX,Part Time,https://www.teamworkonline.com/football-jobs/texans/houston-texans/battle-red-representative-2166497,https://www.teamworkonline.com/football-jobs/texans/houston-texans
Houston Texans,Partnership Marketing Manager,Houston Texans,Houston · TX,Manager,https://www.teamworkonline.com/football-jobs/texans/houston-texans/partnership-marketing-manager-2164535,https://www.teamworkonline.com/football-jobs/texans/houston-texans
Indianapolis Colts,Consumer Sales Representative,Indianapolis Colts,Indianapolis · USA,Entry Level,https://www.teamworkonline.com/football-jobs/indianapolis-colts-jobs/indianapolis-colts/consumer-sales-representative-2169329,https://www.teamworkonline.com/football-jobs/indianapolis-colts-jobs/indianapolis-colts
Indianapolis Colts,Mascot Program Coordinator,Indianapolis Colts,Indianapolis · USA,Manager,https://www.teamworkonline.com/football-jobs/indianapolis-colts-jobs/indianapolis-colts/mascot-program-coordinator-2167884,https://www.teamworkonline.com/football-jobs/indianapolis-colts-jobs/indianapolis-colts
Indianapolis Colts,Data Engineer,Indianapolis Colts,Indianapolis · USA,Manager,https://www.teamworkonline.com/football-jobs/indianapolis-colts-jobs/indianapolis-colts/data-engineer-2167830,https://www.teamworkonline.com/football-jobs/indianapolis-colts-jobs/indianapolis-colts
Indianapolis Colts,Cybersecurity Engineer,Indianapolis Colts,Indianapolis · USA,Manager,https://www.teamworkonline.com/football-jobs/indianapolis-colts-jobs/indianapolis-colts/cybersecurity-engineer-2164408,https://www.teamworkonline.com/football-jobs/indianapolis-colts-jobs/indianapolis-colts
Kansas City Chiefs,Event Environmental Cleaner - FIFA World Cup,Kansas City Chiefs,Kansas City · US,Part Time,https://www.teamworkonline.com/football-jobs/chiefs/kansas-city-chiefs-29577/event-environmental-cleaner-fifa-world-cup-2169902,https://www.teamworkonline.com/football-jobs/chiefs/kansas-city-chiefs-29577
Kansas City Chiefs,Part-Time Security Officer,Kansas City Chiefs,Kansas City · US,Part Time,https://www.teamworkonline.com/football-jobs/chiefs/kansas-city-chiefs-29577/part-time-security-officer-2169571,https://www.teamworkonline.com/football-jobs/chiefs/kansas-city-chiefs-29577
Kansas City Chiefs,Digital Content Seasonal Assistant,Kansas City Chiefs,Kansas City · US,Entry Level,https://www.teamworkonline.com/football-jobs/chiefs/kansas-city-chiefs-29577/digital-content-seasonal-assistant-2167759,https://www.teamworkonline.com/football-jobs/chiefs/kansas-city-chiefs-29577
Kansas City Chiefs,Kansas City Chiefs - Training Camp Intern,Kansas City Chiefs,Kansas City · US,Intern,https://www.teamworkonline.com/football-jobs/chiefs/kansas-city-chiefs-29577/kansas-city-chiefs-training-camp-intern-2166091,https://www.teamworkonline.com/football-jobs/chiefs/kansas-city-chiefs-29577
Kansas City Chiefs,Seasonal Environmental Cleaner -Clb Lvl Plaza,Kansas City Chiefs,Kansas City · US,Part Time,https://www.teamworkonline.com/football-jobs/chiefs/kansas-city-chiefs-29577/seasonal-environmental-cleaner-clb-lvl-plaza-2165487,https://www.teamworkonline.com/football-jobs/chiefs/kansas-city-chiefs-29577
Kansas City Chiefs,Security - JCSD Officer,Kansas City Chiefs,Kansas City · US,Entry Level,https://www.teamworkonline.com/football-jobs/chiefs/kansas-city-chiefs-29577/security-jcsd-officer-2165378,https://www.teamworkonline.com/football-jobs/chiefs/kansas-city-chiefs-29577
Kansas City Chiefs,LoneBear/H.Roe Bartle Rotational Intern,Kansas City Chiefs,Kansas City · US,Intern,https://www.teamworkonline.com/football-jobs/chiefs/kansas-city-chiefs-29577/lonebear-h-roe-bartle-rotational-intern-2165109,https://www.teamworkonline.com/football-jobs/chiefs/kansas-city-chiefs-29577
Kansas City Chiefs,Corporate Events Staff – Club Level/Plaza (Part-Time),Kansas City Chiefs,Kansas City · US,Part Time,https://www.teamworkonline.com/football-jobs/chiefs/kansas-city-chiefs-29577/corporate-events-staff-club-level-plaza-part-time-2164551,https://www.teamworkonline.com/football-jobs/chiefs/kansas-city-chiefs-29577
Kansas City Chiefs,Seasonal Environmental Cleaner,Kansas City Chiefs,Kansas City · US,Part Time,https://www.teamworkonline.com/football-jobs/chiefs/kansas-city-chiefs-29577/seasonal-environmental-cleaner-2162990,https://www.teamworkonline.com/football-jobs/chiefs/kansas-city-chiefs-29577
Kansas City Chiefs,Electrician,Kansas City Chiefs,Kansas City · US,Senior,https://www.teamworkonline.com/football-jobs/chiefs/kansas-city-chiefs-29577/electrician-2162737,https://www.teamworkonline.com/football-jobs/chiefs/kansas-city-chiefs-29577
Kansas City Chiefs,Landscape & Turf Maintenance (Full-Time),Kansas City Chiefs,Kansas City · US,Entry Level,https://www.teamworkonline.com/football-jobs/chiefs/kansas-city-chiefs-29577/landscape-turf-maintenance-full-time-2154602,https://www.teamworkonline.com/football-jobs/chiefs/kansas-city-chiefs-29577
Kansas City Chiefs,Gameday Activation Team,Kansas City Chiefs,Kansas City · US,Part Time,https://www.teamworkonline.com/football-jobs/chiefs/kansas-city-chiefs-29577/gameday-activation-team-2147717,https://www.teamworkonline.com/football-jobs/chiefs/kansas-city-chiefs-29577
Kansas City Chiefs,Guest Services Team Member,Kansas City Chiefs,Kansas City · US,Part Time,https://www.teamworkonline.com/football-jobs/chiefs/kansas-city-chiefs-29577/guest-services-team-member-2147716,https://www.teamworkonline.com/football-jobs/chiefs/kansas-city-chiefs-29577
Kansas City Chiefs,50/50 Raffle Ticket Seller,Kansas City Chiefs,Kansas City · US,Part Time,https://www.teamworkonline.com/football-jobs/chiefs/kansas-city-chiefs-29577/50-50-raffle-ticket-seller-2120955,https://www.teamworkonline.com/football-jobs/chiefs/kansas-city-chiefs-29577
Kansas City Chiefs,Security - KCPD Officer,Kansas City Chiefs,Kansas City · US,Part Time,https://www.teamworkonline.com/football-jobs/chiefs/kansas-city-chiefs-29577/security-kcpd-officer-2116280,https://www.teamworkonline.com/football-jobs/chiefs/kansas-city-chiefs-29577
Miami Dolphins,"Director, Stadium Retail",Miami Dolphins & Hard Rock Stadium,Miami Gardens · FL,Director,https://www.teamworkonline.com/football-jobs/miami-dolphins-jobs/miami-dolphins/director-stadium-retail-2170960,https://www.teamworkonline.com/football-jobs/miami-dolphins-jobs/miami-dolphins
Miami Dolphins,Plumbing Technician,Miami Dolphins & Hard Rock Stadium,Miami Gardens · FL,Manager,https://www.teamworkonline.com/football-jobs/miami-dolphins-jobs/miami-dolphins/plumbing-technician-2170961,https://www.teamworkonline.com/football-jobs/miami-dolphins-jobs/miami-dolphins
Miami Dolphins,"Account Manager, Luxury & Suite Sales",Miami Dolphins & Hard Rock Stadium,Miami Gardens · FL,Manager,https://www.teamworkonline.com/football-jobs/miami-dolphins-jobs/miami-dolphins/account-manager-luxury-suite-sales-2170962,https://www.teamworkonline.com/football-jobs/miami-dolphins-jobs/miami-dolphins
Miami Dolphins,Event Activation Team,Miami Dolphins & Hard Rock Stadium,Miami Gardens · FL,Part Time,https://www.teamworkonline.com/football-jobs/miami-dolphins-jobs/miami-dolphins/event-activation-team-2169933,https://www.teamworkonline.com/football-jobs/miami-dolphins-jobs/miami-dolphins
Miami Dolphins,Creative Director,Miami Dolphins & Hard Rock Stadium,Miami Gardens · FL,Director,https://www.teamworkonline.com/football-jobs/miami-dolphins-jobs/miami-dolphins/creative-director-2168714,https://www.teamworkonline.com/football-jobs/miami-dolphins-jobs/miami-dolphins
Miami Dolphins,Digital Graphic Designer,Miami Dolphins & Hard Rock Stadium,Miami Gardens · FL,Manager,https://www.teamworkonline.com/football-jobs/miami-dolphins-jobs/miami-dolphins/digital-graphic-designer-2168311,https://www.teamworkonline.com/football-jobs/miami-dolphins-jobs/miami-dolphins
Miami Dolphins,"Staff Assistant, Dolphins Cancer Challenge Development",Miami Dolphins & Hard Rock Stadium,Miami Gardens · FL,Part Time,https://www.teamworkonline.com/football-jobs/miami-dolphins-jobs/miami-dolphins/staff-assistant-dolphins-cancer-challenge-development-2167999,https://www.teamworkonline.com/football-jobs/miami-dolphins-jobs/miami-dolphins
Miami Dolphins,Sr. UX/UI Designer,Miami Dolphins & Hard Rock Stadium,Miami Gardens · FL,Senior,https://www.teamworkonline.com/football-jobs/miami-dolphins-jobs/miami-dolphins/sr-ux-ui-designer-2166922,https://www.teamworkonline.com/football-jobs/miami-dolphins-jobs/miami-dolphins
Miami Dolphins,Event Production Manager,Miami Dolphins & Hard Rock Stadium,Miami Gardens · FL,Manager,https://www.teamworkonline.com/football-jobs/miami-dolphins-jobs/miami-dolphins/event-production-manager-2164639,https://www.teamworkonline.com/football-jobs/miami-dolphins-jobs/miami-dolphins
Miami Dolphins,Loading Dock Attendant (Part-time),Miami Dolphins & Hard Rock Stadium,Miami Gardens · FL,Part Time,https://www.teamworkonline.com/football-jobs/miami-dolphins-jobs/miami-dolphins/loading-dock-attendant-part-time-2163791,https://www.teamworkonline.com/football-jobs/miami-dolphins-jobs/miami-dolphins
Miami Dolphins,Health and Safety Event Day Staff (Part-Time),Miami Dolphins & Hard Rock Stadium,Miami Gardens · FL,Part Time,https://www.teamworkonline.com/football-jobs/miami-dolphins-jobs/miami-dolphins/health-and-safety-event-day-staff-part-time-2163227,https://www.teamworkonline.com/football-jobs/miami-dolphins-jobs/miami-dolphins
Miami Dolphins,Lifecycle Marketing Manager,Miami Dolphins & Hard Rock Stadium,Miami Gardens · FL,Manager,https://www.teamworkonline.com/football-jobs/miami-dolphins-jobs/miami-dolphins/lifecycle-marketing-manager-2162297,https://www.teamworkonline.com/football-jobs/miami-dolphins-jobs/miami-dolphins
Miami Dolphins,Digital Performance Analyst,Miami Dolphins & Hard Rock Stadium,Miami Gardens · FL,Director,https://www.teamworkonline.com/football-jobs/miami-dolphins-jobs/miami-dolphins/digital-performance-analyst-2157224,https://www.teamworkonline.com/football-jobs/miami-dolphins-jobs/miami-dolphins
Miami Dolphins,"Manager, Digital Marketing",Miami Dolphins & Hard Rock Stadium,Miami Gardens · FL,Manager,https://www.teamworkonline.com/football-jobs/miami-dolphins-jobs/miami-dolphins/manager-digital-marketing-2156936,https://www.teamworkonline.com/football-jobs/miami-dolphins-jobs/miami-dolphins
Miami Dolphins,Sales Development Representative,Miami Dolphins & Hard Rock Stadium,Miami Gardens · FL,Entry Level,https://www.teamworkonline.com/football-jobs/miami-dolphins-jobs/miami-dolphins/sales-development-representative-2155997,https://www.teamworkonline.com/football-jobs/miami-dolphins-jobs/miami-dolphins
Miami Dolphins,Traffic Coordinator (Part-Time),Miami Dolphins & Hard Rock Stadium,Miami Gardens · FL,Part Time,https://www.teamworkonline.com/football-jobs/miami-dolphins-jobs/miami-dolphins/traffic-coordinator-part-time-2153930,https://www.teamworkonline.com/football-jobs/miami-dolphins-jobs/miami-dolphins
Miami Dolphins,Parking Event Day Staff (Part-Time),Miami Dolphins & Hard Rock Stadium,Miami Gardens · FL,Part Time,https://www.teamworkonline.com/football-jobs/miami-dolphins-jobs/miami-dolphins/parking-event-day-staff-part-time-2153931,https://www.teamworkonline.com/football-jobs/miami-dolphins-jobs/miami-dolphins
Miami Dolphins,Event Set Up Crew (Part-Time),Miami Dolphins & Hard Rock Stadium,Miami Gardens · FL,,https://www.teamworkonline.com/football-jobs/miami-dolphins-jobs/miami-dolphins/event-set-up-crew-part-time-2151683,https://www.teamworkonline.com/football-jobs/miami-dolphins-jobs/miami-dolphins
Miami Dolphins,Guest Experience Representative (Part-Time),Miami Dolphins & Hard Rock Stadium,Miami Gardens · FL,Part Time,https://www.teamworkonline.com/football-jobs/miami-dolphins-jobs/miami-dolphins/guest-experience-representative-part-time-2151141,https://www.teamworkonline.com/football-jobs/miami-dolphins-jobs/miami-dolphins
Miami Dolphins,Mascot (Part-Time),Miami Dolphins & Hard Rock Stadium,Miami Gardens · FL,Part Time,https://www.teamworkonline.com/football-jobs/miami-dolphins-jobs/miami-dolphins/mascot-part-time-2128896,https://www.teamworkonline.com/football-jobs/miami-dolphins-jobs/miami-dolphins
Miami Dolphins,Retail Sales Associate (Part-Time),Miami Dolphins & Hard Rock Stadium,Miami Gardens · FL,Part Time,https://www.teamworkonline.com/football-jobs/miami-dolphins-jobs/miami-dolphins/retail-sales-associate-part-time-2125879,https://www.teamworkonline.com/football-jobs/miami-dolphins-jobs/miami-dolphins
Miami Dolphins,"50/50 Raffle Seller, Events and Entertainment (Part-Time)",Miami Dolphins & Hard Rock Stadium,Miami Gardens · FL,Part Time,https://www.teamworkonline.com/football-jobs/miami-dolphins-jobs/miami-dolphins/50-50-raffle-seller-events-and-entertainment-part-time-2122997,https://www.teamworkonline.com/football-jobs/miami-dolphins-jobs/miami-dolphins
Miami Dolphins,Grounds Crew (Part-Time),Miami Dolphins,Miami Gardens · FL,Part Time,https://www.teamworkonline.com/football-jobs/miami-dolphins-jobs/miami-dolphins/grounds-crew-part-time-2076019,https://www.teamworkonline.com/football-jobs/miami-dolphins-jobs/miami-dolphins
Miami Dolphins,Youth Programs Coach (Part-Time),Miami Dolphins,Miami Gardens · FL,Part Time,https://www.teamworkonline.com/football-jobs/miami-dolphins-jobs/miami-dolphins/youth-programs-coach-part-time-2068238,https://www.teamworkonline.com/football-jobs/miami-dolphins-jobs/miami-dolphins
Pittsburgh Steelers,Digital Media Associate,Pittsburgh Steelers,Pittsburgh · PA,Intern,https://www.teamworkonline.com/football-jobs/footballjobs/pittsburgh-steelers-/digital-media-associate-2170865,https://www.teamworkonline.com/football-jobs/footballjobs/pittsburgh-steelers-
Pittsburgh Steelers,Football Video Coordinator,Pittsburgh Steelers,Pittsburgh · PA,Manager,https://www.teamworkonline.com/football-jobs/footballjobs/pittsburgh-steelers-/football-video-coordinator-2170510,https://www.teamworkonline.com/football-jobs/footballjobs/pittsburgh-steelers-
Pittsburgh Steelers,Gameday Conversion Crew (Seasonal-Part-time),Pittsburgh Steelers/Acrisure Stadium,Pittsburgh · PA,Part Time,https://www.teamworkonline.com/football-jobs/footballjobs/pittsburgh-steelers-/gameday-conversion-crew-seasonal-part-time-2170134,https://www.teamworkonline.com/football-jobs/footballjobs/pittsburgh-steelers-
Pittsburgh Steelers,Partnership Activation Manager,Pittsburgh Steelers,Pittsburgh · PA,Manager,https://www.teamworkonline.com/football-jobs/footballjobs/pittsburgh-steelers-/partnership-activation-manager-2170119,https://www.teamworkonline.com/football-jobs/footballjobs/pittsburgh-steelers-
Pittsburgh Steelers,Ticket Sales & Retention Associate,Pittsburgh Steelers,Pittsburgh · PA,Intern,https://www.teamworkonline.com/football-jobs/footballjobs/pittsburgh-steelers-/ticket-sales-retention-associate-2169636,https://www.teamworkonline.com/football-jobs/footballjobs/pittsburgh-steelers-
Pittsburgh Steelers,Equipment Intern,Pittsburgh Steelers,Pittsburgh · PA,Intern,https://www.teamworkonline.com/football-jobs/footballjobs/pittsburgh-steelers-/equipment-intern-2168973,https://www.teamworkonline.com/football-jobs/footballjobs/pittsburgh-steelers-
Washington Commanders,Corporate Communications Intern (Season Long),Washington Commanders,College Park · MD,Intern,https://www.teamworkonline.com/football-jobs/washington-commanders-jobs/washington-commanders-jobs/corporate-communications-intern-season-long-2171162,https://www.teamworkonline.com/football-jobs/washington-commanders-jobs/washington-commanders-jobs
Washington Commanders,Business Intelligence Summer Intern,Washington Commanders,College Park · MD,Intern,https://www.teamworkonline.com/football-jobs/washington-commanders-jobs/washington-commanders-jobs/business-intelligence-summer-intern-2171083,https://www.teamworkonline.com/football-jobs/washington-commanders-jobs/washington-commanders-jobs
Washington Commanders,Staff Accountant,Washington Commanders,College Park · MD · Hybrid,Entry Level,https://www.teamworkonline.com/football-jobs/washington-commanders-jobs/washington-commanders-jobs/staff-accountant-2170872,https://www.teamworkonline.com/football-jobs/washington-commanders-jobs/washington-commanders-jobs
Washington Commanders,Stadium Engineer,Washington Commanders,Landover · MD,Entry Level,https://www.teamworkonline.com/football-jobs/washington-commanders-jobs/washington-commanders-jobs/stadium-engineer-2170666,https://www.teamworkonline.com/football-jobs/washington-commanders-jobs/washington-commanders-jobs
Washington Commanders,General Maintenance Technician – Landover,Washington Commanders,Landover · MD,Entry Level,https://www.teamworkonline.com/football-jobs/washington-commanders-jobs/washington-commanders-jobs/general-maintenance-technician-landover-2170665,https://www.teamworkonline.com/football-jobs/washington-commanders-jobs/washington-commanders-jobs
Washington Commanders,Technical Support Specialist,Washington Commanders,Ashburn · VA,Entry Level,https://www.teamworkonline.com/football-jobs/washington-commanders-jobs/washington-commanders-jobs/technical-support-specialist-2170241,https://www.teamworkonline.com/football-jobs/washington-commanders-jobs/washington-commanders-jobs
Washington Commanders,"Director, Content & Marketing Analytics",Washington Commanders,"College Park, Maryland · MD",Director,https://www.teamworkonline.com/football-jobs/washington-commanders-jobs/washington-commanders-jobs/director-content-marketing-analytics-2169975,https://www.teamworkonline.com/football-jobs/washington-commanders-jobs/washington-commanders-jobs
Washington Commanders,"Director, Partnership and Fan Analytics",Washington Commanders,"College Park, Maryland · MD",Director,https://www.teamworkonline.com/football-jobs/washington-commanders-jobs/washington-commanders-jobs/director-partnership-and-fan-analytics-2169973,https://www.teamworkonline.com/football-jobs/washington-commanders-jobs/washington-commanders-jobs
Washington Commanders,"Director, Ticketing and Premium Seating Analytics",Washington Commanders,"College Park, Maryland · MD",Director,https://www.teamworkonline.com/football-jobs/washington-commanders-jobs/washington-commanders-jobs/director-ticketing-and-premium-seating-analytics-2169969,https://www.teamworkonline.com/football-jobs/washington-commanders-jobs/washington-commanders-jobs
Washington Commanders,Community Relations Intern (Season Long),Washington Commanders,College Park · MD,Intern,https://www.teamworkonline.com/football-jobs/washington-commanders-jobs/washington-commanders-jobs/community-relations-intern-season-long-2169495,https://www.teamworkonline.com/football-jobs/washington-commanders-jobs/washington-commanders-jobs
Washington Commanders,Community Relations Summer Intern,Washington Commanders,College Park · MD,Intern,https://www.teamworkonline.com/football-jobs/washington-commanders-jobs/washington-commanders-jobs/community-relations-summer-intern-2169485,https://www.teamworkonline.com/football-jobs/washington-commanders-jobs/washington-commanders-jobs
Washington Commanders,Guest Services (Various positions),Washington Commanders,Landover · MD,Part Time,https://www.teamworkonline.com/football-jobs/washington-commanders-jobs/washington-commanders-jobs/guest-services-various-positions-2168102,https://www.teamworkonline.com/football-jobs/washington-commanders-jobs/washington-commanders-jobs
Washington Commanders,Part-Time Security Agent College Park,Washington Commanders,College Park · MD,Part Time,https://www.teamworkonline.com/football-jobs/washington-commanders-jobs/washington-commanders-jobs/part-time-security-agent-college-park-2168027,https://www.teamworkonline.com/football-jobs/washington-commanders-jobs/washington-commanders-jobs
Washington Commanders,Part-time Security Agent,Washington Commanders,Landover · MD,Part Time,https://www.teamworkonline.com/football-jobs/washington-commanders-jobs/washington-commanders-jobs/part-time-security-agent-2166551,https://www.teamworkonline.com/football-jobs/washington-commanders-jobs/washington-commanders-jobs
Washington Commanders,"Intern, IT - Season Long",Washington Commanders,MD,Intern,https://www.teamworkonline.com/football-jobs/washington-commanders-jobs/washington-commanders-jobs/intern-it-season-long-2166291,https://www.teamworkonline.com/football-jobs/washington-commanders-jobs/washington-commanders-jobs
Washington Commanders,Payroll Coordinator,Washington Commanders,"College Park, Maryland · MD · Hybrid",Entry Level,https://www.teamworkonline.com/football-jobs/washington-commanders-jobs/washington-commanders-jobs/payroll-coordinator-2165410,https://www.teamworkonline.com/football-jobs/washington-commanders-jobs/washington-commanders-jobs
Washington Commanders,"Manager, Ticket Ops",Washington Commanders,College Park · MD,Manager,https://www.teamworkonline.com/football-jobs/washington-commanders-jobs/washington-commanders-jobs/manager-ticket-ops-2164568,https://www.teamworkonline.com/football-jobs/washington-commanders-jobs/washington-commanders-jobs
Washington Commanders,Membership Services Representative,Washington Commanders,College Park · MD,Entry Level,https://www.teamworkonline.com/football-jobs/washington-commanders-jobs/washington-commanders-jobs/membership-services-representative-2162985,https://www.teamworkonline.com/football-jobs/washington-commanders-jobs/washington-commanders-jobs
Washington Commanders,Cyber Security Sr. Manager,Washington Commanders,College Park · MD,Director,https://www.teamworkonline.com/football-jobs/washington-commanders-jobs/washington-commanders-jobs/cyber-security-sr-manager-2161458,https://www.teamworkonline.com/football-jobs/washington-commanders-jobs/washington-commanders-jobs
Washington Commanders,Inside Sales Representative,Washington Commanders,Riverdale · MD,Entry Level,https://www.teamworkonline.com/football-jobs/washington-commanders-jobs/washington-commanders-jobs/inside-sales-representative-2154584,https://www.teamworkonline.com/football-jobs/washington-commanders-jobs/washington-commanders-jobs
